MOTOR,CONTROLLER,SET_POINT,OMEGA_MAX,K,TAU,FORWARD_KP,BACK_KP,FORWARD_ANG_COEF,FORWARD_LIN_COEF,BACK_ANG_COEF,BACK_LIN_COEF,TIME,OMEGA_RAW,OMEGA_FILTERED,OMEGA_PREDICTED,K_GAIN,PREDIC_ERR,MEASURE_ERR
0,0,1,1496,2533.95,0.149297,0.000680963,0.000419975,0.000402074,0.195545,0.000387478,-0.111174,6e-06,0,0,434.963,0.296535,168.614,400
0,0,1,1496,2533.95,0.149297,0.000680963,0.000419975,0.000402074,0.195545,0.000387478,-0.111174,0.004174,0,0,434.963,0.296535,168.614,400
0,0,1,1496,2533.95,0.149297,0.000680963,0.000419975,0.000402074,0.195545,0.000387478,-0.111174,0.009174,0.00182627,0.000541552,0,0.296535,168.614,400
0,0,1,1496,2533.95,0.149297,0.000680963,0.000419975,0.000402074,0.195545,0.000387478,-0.111174,0.014174,0.00182626,1782.54,2533.95,0.296535,168.614,400
0,0,1,1496,2533.95,0.149297,0.000680963,0.000419975,0.000402074,0.195545,0.000387478,-0.111174,0.019174,183.333,1347.26,1837.9,0.296535,168.614,400
0,0,1,1496,2533.95,0.149297,0.000680963,0.000419975,0.000402074,0.195545,0.000387478,-0.111174,0.024174,383.378,901.987,1120.6,0.296535,168.614,400
0,0,1,1496,2533.95,0.149297,0.000680963,0.000419975,0.000402074,0.195545,0.000387478,-0.111174,0.029174,477.301,734.522,842.95,0.296535,168.614,400
0,0,1,1496,2533.95,0.149297,0.000680963,0.000419975,0.000402074,0.195545,0.000387478,-0.111174,0.034174,552.174,687.195,744.111,0.296535,168.614,400
0,0,1,1496,2533.95,0.149297,0.000680963,0.000419975,0.000402074,0.195545,0.000387478,-0.111174,0.039174,631.603,698.415,726.578,0.296535,168.614,400
0,0,1,1496,2533.95,0.149297,0.000680963,0.000419975,0.000402074,0.195545,0.000387478,-0.111174,0.044174,722.454,757.948,772.909,0.296535,168.614,400
0,0,1,1496,2533.95,0.149297,0.000680963,0.000419975,0.000402074,0.195545,0.000387478,-0.111174,0.049174,815.892,838.257,847.684,0.296535,168.614,400
0,0,1,1496,2533.95,0.149297,0.000680963,0.000419975,0.000402074,0.195545,0.000387478,-0.111174,0.054174,906.272,913.715,916.852,0.296535,168.614,400
0,0,1,1496,2533.95,0.149297,0.000680963,0.000419975,0.000402074,0.195545,0.000387478,-0.111174,0.059184,906.272,913.715,916.852,0.296535,168.614,400
0,0,1,1496,2533.95,0.149297,0.000680963,0.000419975,0.000402074,0.195545,0.000387478,-0.111174,0.064171,949.839,969.452,977.719,0.296535,168.614,400
0,0,1,1496,2533.95,0.149297,0.000680963,0.000419975,0.000402074,0.195545,0.000387478,-0.111174,0.069171,1033.76,1052.74,1060.75,0.296535,168.614,400
0,0,1,1496,2533.95,0.149297,0.000680963,0.000419975,0.000402074,0.195545,0.000387478,-0.111174,0.074183,1101.15,1123.27,1132.59,0.296535,168.614,400
0,0,1,1496,2533.95,0.149297,0.000680963,0.000419975,0.000402074,0.195545,0.000387478,-0.111174,0.079225,1156.49,1173.22,1180.28,0.296535,168.614,400
0,0,1,1496,2533.95,0.149297,0.000680963,0.000419975,0.000402074,0.195545,0.000387478,-0.111174,0.084182,1214.85,1230.61,1237.26,0.296535,168.614,400
0,0,1,1496,2533.95,0.149297,0.000680963,0.000419975,0.000402074,0.195545,0.000387478,-0.111174,0.089171,1263.97,1281.24,1288.52,0.296535,168.614,400
0,0,1,1496,2533.95,0.149297,0.000680963,0.000419975,0.000402074,0.195545,0.000387478,-0.111174,0.094171,1300.87,1324.62,1334.64,0.296535,168.614,400
0,0,1,1496,2533.95,0.149297,0.000680963,0.000419975,0.000402074,0.195545,0.000387478,-0.111174,0.099171,1330.62,1366.32,1381.37,0.296535,168.614,400
0,0,1,1496,2533.95,0.149297,0.000680963,0.000419975,0.000402074,0.195545,0.000387478,-0.111174,0.104171,1395.33,1413.32,1420.9,0.296535,168.614,400
0,0,1,1496,2533.95,0.149297,0.000680963,0.000419975,0.000402074,0.195545,0.000387478,-0.111174,0.109171,1428.65,1446.71,1454.32,0.296535,168.614,400
0,0,1,1496,2533.95,0.149297,0.000680963,0.000419975,0.000402074,0.195545,0.000387478,-0.111174,0.114171,1503.51,1500.57,1499.33,0.296535,168.614,400
0,0,1,1496,2533.95,0.149297,0.000680963,0.000419975,0.000402074,0.195545,0.000387478,-0.111174,0.119182,1552.55,1534.54,1526.94,0.296535,168.614,400
0,0,1,1496,2533.95,0.149297,0.000680963,0.000419975,0.000402074,0.195545,0.000387478,-0.111174,0.124182,1536.61,1554.64,1562.25,0.296535,168.614,400
0,0,1,1496,2533.95,0.149297,0.000680963,0.000419975,0.000402074,0.195545,0.000387478,-0.111174,0.129171,1560.65,1577.61,1584.76,0.296535,168.614,400
0,0,1,1496,2533.95,0.149297,0.000680963,0.000419975,0.000402074,0.195545,0.000387478,-0.111174,0.134194,1621.05,1610.68,1606.31,0.296535,168.614,400
0,0,1,1496,2533.95,0.149297,0.000680963,0.000419975,0.000402074,0.195545,0.000387478,-0.111174,0.139182,1642.66,1639.36,1637.97,0.296535,168.614,400
0,0,1,1496,2533.95,0.149297,0.000680963,0.000419975,0.000402074,0.195545,0.000387478,-0.111174,0.144171,1638.81,1657.49,1665.37,0.296535,168.614,400
0,0,1,1496,2533.95,0.149297,0.000680963,0.000419975,0.000402074,0.195545,0.000387478,-0.111174,0.149191,1655.65,1672.26,1679.26,0.296535,168.614,400
0,0,1,1496,2533.95,0.149297,0.000680963,0.000419975,0.000402074,0.195545,0.000387478,-0.111174,0.154171,1711.11,1707.09,1705.39,0.296535,168.614,400
0,0,1,1496,2533.95,0.149297,0.000680963,0.000419975,0.000402074,0.195545,0.000387478,-0.111174,0.159182,1700,1717.53,1724.93,0.296535,168.614,400
0,0,1,1496,2533.95,0.149297,0.000680963,0.000419975,0.000402074,0.195545,0.000387478,-0.111174,0.164171,1712.51,1729.55,1736.74,0.296535,168.614,400
0,0,1,1496,2533.95,0.149297,0.000680963,0.000419975,0.000402074,0.195545,0.000387478,-0.111174,0.169171,1757.04,1762.82,1765.25,0.296535,168.614,400
0,0,1,1496,2533.95,0.149297,0.000680963,0.000419975,0.000402074,0.195545,0.000387478,-0.111174,0.174171,1751.17,1767.16,1773.91,0.296535,168.614,400
0,0,1,1496,2533.95,0.149297,0.000680963,0.000419975,0.000402074,0.195545,0.000387478,-0.111174,0.179203,1800.86,1797.44,1796,0.296535,168.614,400
0,0,1,1496,2533.95,0.149297,0.000680963,0.000419975,0.000402074,0.195545,0.000387478,-0.111174,0.184171,1785.5,1802.1,1809.09,0.296535,168.614,400
0,0,1,1496,2533.95,0.149297,0.000680963,0.000419975,0.000402074,0.195545,0.000387478,-0.111174,0.18917,1835.58,1819.25,1812.36,0.296535,168.614,400
0,0,1,1496,2533.95,0.149297,0.000680963,0.000419975,0.000402074,0.195545,0.000387478,-0.111174,0.194184,1813.33,1830.15,1837.24,0.296535,168.614,400
0,0,1,1496,2533.95,0.149297,0.000680963,0.000419975,0.000402074,0.195545,0.000387478,-0.111174,0.199171,1816.47,1833.68,1840.93,0.296535,168.614,400
0,0,1,1496,2533.95,0.149297,0.000680963,0.000419975,0.000402074,0.195545,0.000387478,-0.111174,0.20417,1808.63,1849.79,1867.14,0.296535,168.614,400
0,0,1,1496,2533.95,0.149297,0.000680963,0.000419975,0.000402074,0.195545,0.000387478,-0.111174,0.209171,1837.19,1854.28,1861.48,0.296535,168.614,400
0,0,1,1496,2533.95,0.149297,0.000680963,0.000419975,0.000402074,0.195545,0.000387478,-0.111174,0.214197,1851.81,1866.73,1873.03,0.296535,168.614,400
0,0,1,1496,2533.95,0.149297,0.000680963,0.000419975,0.000402074,0.195545,0.000387478,-0.111174,0.219171,1893.67,1887.45,1884.83,0.296535,168.614,400
0,0,1,1496,2533.95,0.149297,0.000680963,0.000419975,0.000402074,0.195545,0.000387478,-0.111174,0.224215,1866.66,1884.13,1891.49,0.296535,168.614,400
0,0,1,1496,2533.95,0.149297,0.000680963,0.000419975,0.000402074,0.195545,0.000387478,-0.111174,0.229171,1912.69,1902.79,1898.62,0.296535,168.614,400
0,0,1,1496,2533.95,0.149297,0.000680963,0.000419975,0.000402074,0.195545,0.000387478,-0.111174,0.234193,1881.76,1897.54,1904.19,0.296535,168.614,400
0,0,1,1496,2533.95,0.149297,0.000680963,0.000419975,0.000402074,0.195545,0.000387478,-0.111174,0.239171,1919.7,1913.86,1911.4,0.296535,168.614,400
0,0,1,1496,2533.95,0.149297,0.000680963,0.000419975,0.000402074,0.195545,0.000387478,-0.111174,0.24417,1904,1912.4,1915.94,0.296535,168.614,400
0,0,1,1496,2533.95,0.149297,0.000680963,0.000419975,0.000402074,0.195545,0.000387478,-0.111174,0.249171,1932.1,1925.15,1922.22,0.296535,168.614,400
0,0,1,1496,2533.95,0.149297,0.000680963,0.000419975,0.000402074,0.195545,0.000387478,-0.111174,0.254183,1902.27,1915.4,1920.93,0.296535,168.614,400
0,0,1,1496,2533.95,0.149297,0.000680963,0.000419975,0.000402074,0.195545,0.000387478,-0.111174,0.259171,1939.25,1934.04,1931.85,0.296535,168.614,400
0,0,1,1496,2533.95,0.149297,0.000680963,0.000419975,0.000402074,0.195545,0.000387478,-0.111174,0.264171,1904,1925.51,1934.59,0.296535,168.614,400
0,0,1,1496,2533.95,0.149297,0.000680963,0.000419975,0.000402074,0.195545,0.000387478,-0.111174,0.269183,1946.46,1941.41,1939.27,0.296535,168.614,400
0,0,1,1496,2533.95,0.149297,0.000680963,0.000419975,0.000402074,0.195545,0.000387478,-0.111174,0.274171,1909.2,1927.5,1935.22,0.296535,168.614,400
0,0,1,1496,2533.95,0.149297,0.000680963,0.000419975,0.000402074,0.195545,0.000387478,-0.111174,0.279183,1961.04,1946.7,1940.66,0.296535,168.614,400
0,0,1,1496,2533.95,0.149297,0.000680963,0.000419975,0.000402074,0.195545,0.000387478,-0.111174,0.284171,1917.94,1934.44,1941.4,0.296535,168.614,400
0,0,1,1496,2533.95,0.149297,0.000680963,0.000419975,0.000402074,0.195545,0.000387478,-0.111174,0.289171,1937.46,1950.19,1955.55,0.296535,168.614,400
0,0,1,1496,2533.95,0.149297,0.000680963,0.000419975,0.000402074,0.195545,0.000387478,-0.111174,0.29417,1926.77,1937.02,1941.34,0.296535,168.614,400
0,0,1,1496,2533.95,0.149297,0.000680963,0.000419975,0.000402074,0.195545,0.000387478,-0.111174,0.299171,1930.32,1948.38,1955.99,0.296535,168.614,400
0,0,1,1496,2533.95,0.149297,0.000680963,0.000419975,0.000402074,0.195545,0.000387478,-0.111174,0.304171,1921.46,1941.47,1949.91,0.296535,168.614,400
0,0,1,1496,2533.95,0.149297,0.000680963,0.000419975,0.000402074,0.195545,0.000387478,-0.111174,0.309194,1890.25,1939.24,1959.89,0.296535,168.614,400
0,0,1,1496,2533.95,0.149297,0.000680963,0.000419975,0.000402074,0.195545,0.000387478,-0.111174,0.314171,1964.72,1960.03,1958.05,0.296535,168.614,400
0,0,1,1496,2533.95,0.149297,0.000680963,0.000419975,0.000402074,0.195545,0.000387478,-0.111174,0.319171,1955.55,1954.19,1953.62,0.296535,168.614,400
0,0,1,1496,2533.95,0.149297,0.000680963,0.000419975,0.000402074,0.195545,0.000387478,-0.111174,0.32417,1968.42,1962.33,1959.76,0.296535,168.614,400
0,0,1,1496,2533.95,0.149297,0.000680963,0.000419975,0.000402074,0.195545,0.000387478,-0.111174,0.329171,1926.77,1949.27,1958.75,0.296535,168.614,400
0,0,1,1496,2533.95,0.149297,0.000680963,0.000419975,0.000402074,0.195545,0.000387478,-0.111174,0.334183,1972.12,1965.87,1963.23,0.296535,168.614,400
0,0,1,1496,2533.95,0.149297,0.000680963,0.000419975,0.000402074,0.195545,0.000387478,-0.111174,0.339171,1932.1,1949.78,1957.24,0.296535,168.614,400
0,0,1,1496,2533.95,0.149297,0.000680963,0.000419975,0.000402074,0.195545,0.000387478,-0.111174,0.344171,1942.85,1963.55,1972.28,0.296535,168.614,400
0,0,1,1496,2533.95,0.149297,0.000680963,0.000419975,0.000402074,0.195545,0.000387478,-0.111174,0.349194,1957.38,1955.72,1955.02,0.296535,168.614,400
0,0,1,1496,2533.95,0.149297,0.000680963,0.000419975,0.000402074,0.195545,0.000387478,-0.111174,0.354171,1944.66,1961.96,1969.25,0.296535,168.614,400
0,0,1,1496,2533.95,0.149297,0.000680963,0.000419975,0.000402074,0.195545,0.000387478,-0.111174,0.359171,1992.76,1968.51,1958.29,0.296535,168.614,400
0,0,1,1496,2533.95,0.149297,0.000680963,0.000419975,0.000402074,0.195545,0.000387478,-0.111174,0.364189,1950.09,1964.53,1970.62,0.296535,168.614,400
0,0,1,1496,2533.95,0.149297,0.000680963,0.000419975,0.000402074,0.195545,0.000387478,-0.111174,0.369171,1981.45,1975.3,1972.71,0.296535,168.614,400
0,0,1,1496,2533.95,0.149297,0.000680963,0.000419975,0.000402074,0.195545,0.000387478,-0.111174,0.374171,1966.57,1964.64,1963.82,0.296535,168.614,400
0,0,1,1496,2533.95,0.149297,0.000680963,0.000419975,0.000402074,0.195545,0.000387478,-0.111174,0.379199,1994.66,1979,1972.39,0.296535,168.614,400
0,0,1,1496,2533.95,0.149297,0.000680963,0.000419975,0.000402074,0.195545,0.000387478,-0.111174,0.384171,1942.85,1961.43,1969.26,0.296535,168.614,400
0,0,1,1496,2533.95,0.149297,0.000680963,0.000419975,0.000402074,0.195545,0.000387478,-0.111174,0.389171,1961.04,1975.93,1982.2,0.296535,168.614,400
0,0,1,1496,2533.95,0.149297,0.000680963,0.000419975,0.000402074,0.195545,0.000387478,-0.111174,0.394171,1946.46,1963.65,1970.9,0.296535,168.614,400
0,0,1,1496,2533.95,0.149297,0.000680963,0.000419975,0.000402074,0.195545,0.000387478,-0.111174,0.399212,1955.55,1973.59,1981.2,0.296535,168.614,400
0,0,1,1496,2533.95,0.149297,0.000680963,0.000419975,0.000402074,0.195545,0.000387478,-0.111174,0.404171,1990.87,1976.81,1970.88,0.296535,168.614,400
0,0,1,1496,2533.95,0.149297,0.000680963,0.000419975,0.000402074,0.195545,0.000387478,-0.111174,0.409171,1968.42,1977.57,1981.43,0.296535,168.614,400
0,0,1,1496,2533.95,0.149297,0.000680963,0.000419975,0.000402074,0.195545,0.000387478,-0.111174,0.414181,1983.33,1983.11,1983.01,0.296535,168.614,400
0,0,1,1496,2533.95,0.149297,0.000680963,0.000419975,0.000402074,0.195545,0.000387478,-0.111174,0.419171,1953.73,1969.25,1975.8,0.296535,168.614,400
0,0,1,1496,2533.95,0.149297,0.000680963,0.000419975,0.000402074,0.195545,0.000387478,-0.111174,0.424171,1992.76,1987.66,1985.51,0.296535,168.614,400
0,0,1,1496,2533.95,0.149297,0.000680963,0.000419975,0.000402074,0.195545,0.000387478,-0.111174,0.429192,1950.09,1970.59,1979.23,0.296535,168.614,400
0,0,1,1496,2533.95,0.149297,0.000680963,0.000419975,0.000402074,0.195545,0.000387478,-0.111174,0.43417,1966.57,1983.57,1990.74,0.296535,168.614,400
0,0,1,1496,2533.95,0.149297,0.000680963,0.000419975,0.000402074,0.195545,0.000387478,-0.111174,0.439179,2006.13,1988.09,1980.49,0.296535,168.614,400
0,0,1,1496,2533.95,0.149297,0.000680963,0.000419975,0.000402074,0.195545,0.000387478,-0.111174,0.444171,1972.12,1987.87,1994.51,0.296535,168.614,400
0,0,1,1496,2533.95,0.149297,0.000680963,0.000419975,0.000402074,0.195545,0.000387478,-0.111174,0.449171,2000.38,1996.18,1994.41,0.296535,168.614,400
0,0,1,1496,2533.95,0.149297,0.000680963,0.000419975,0.000402074,0.195545,0.000387478,-0.111174,0.454171,1964.72,1980.69,1987.42,0.296535,168.614,400
0,0,1,1496,2533.95,0.149297,0.000680963,0.000419975,0.000402074,0.195545,0.000387478,-0.111174,0.459171,1972.12,1990.13,1997.72,0.296535,168.614,400
0,0,1,1496,2533.95,0.149297,0.000680963,0.000419975,0.000402074,0.195545,0.000387478,-0.111174,0.464171,2009.98,1997.49,1992.23,0.296535,168.614,400
0,0,1,1496,2533.95,0.149297,0.000680963,0.000419975,0.000402074,0.195545,0.000387478,-0.111174,0.469199,1968.42,1985.97,1993.37,0.296535,168.614,400
0,0,1,1496,2533.95,0.149297,0.000680963,0.000419975,0.000402074,0.195545,0.000387478,-0.111174,0.474171,1973.98,1998.41,2008.71,0.296535,168.614,400
0,0,1,1496,2533.95,0.149297,0.000680963,0.000419975,0.000402074,0.195545,0.000387478,-0.111174,0.479171,1972.12,1989.02,1996.15,0.296535,168.614,400
0,0,1,1496,2533.95,0.149297,0.000680963,0.000419975,0.000402074,0.195545,0.000387478,-0.111174,0.484171,2008.05,1999.26,1995.55,0.296535,168.614,400
0,0,1,1496,2533.95,0.149297,0.000680963,0.000419975,0.000402074,0.195545,0.000387478,-0.111174,0.489199,2009.98,2007.54,2006.51,0.296535,168.614,400
0,0,1,1496,2533.95,0.149297,0.000680963,0.000419975,0.000402074,0.195545,0.000387478,-0.111174,0.494171,1973.98,1995.92,2005.17,0.296535,168.614,400
0,0,1,1496,2533.95,0.149297,0.000680963,0.000419975,0.000402074,0.195545,0.000387478,-0.111174,0.499171,2021.62,2014.21,2011.08,0.296535,168.614,400
0,0,1,1496,2533.95,0.149297,0.000680963,0.000419975,0.000402074,0.195545,0.000387478,-0.111174,0.504171,1979.58,1997.5,2005.06,0.296535,168.614,400
0,0,1,1496,2533.95,0.149297,0.000680963,0.000419975,0.000402074,0.195545,0.000387478,-0.111174,0.50917,1981.45,2004.8,2014.64,0.296535,168.614,400
0,0,1,1496,2533.95,0.149297,0.000680963,0.000419975,0.000402074,0.195545,0.000387478,-0.111174,0.514171,2027.49,2018.84,2015.19,0.296535,168.614,400
0,0,1,1496,2533.95,0.149297,0.000680963,0.000419975,0.000402074,0.195545,0.000387478,-0.111174,0.519171,1988.98,2003.25,2009.26,0.296535,168.614,400
0,0,1,1496,2533.95,0.149297,0.000680963,0.000419975,0.000402074,0.195545,0.000387478,-0.111174,0.524171,1998.47,2017,2024.81,0.296535,168.614,400
0,0,1,1496,2533.95,0.149297,0.000680963,0.000419975,0.000402074,0.195545,0.000387478,-0.111174,0.529171,2033.39,2026,2022.88,0.296535,168.614,400
0,0,1,1496,2533.95,0.149297,0.000680963,0.000419975,0.000402074,0.195545,0.000387478,-0.111174,0.534171,1990.87,2009.28,2017.04,0.296535,168.614,400
0,0,1,1496,2533.95,0.149297,0.000680963,0.000419975,0.000402074,0.195545,0.000387478,-0.111174,0.539171,2000.38,2023.78,2033.64,0.296535,168.614,400
0,0,1,1496,2533.95,0.149297,0.000680963,0.000419975,0.000402074,0.195545,0.000387478,-0.111174,0.544171,1996.56,2012.26,2018.88,0.296535,168.614,400
0,0,1,1496,2533.95,0.149297,0.000680963,0.000419975,0.000402074,0.195545,0.000387478,-0.111174,0.549171,2006.13,2022.61,2029.56,0.296535,168.614,400
0,0,1,1496,2533.95,0.149297,0.000680963,0.000419975,0.000402074,0.195545,0.000387478,-0.111174,0.554171,2039.33,2031.86,2028.71,0.296535,168.614,400
0,0,1,1496,2533.95,0.149297,0.000680963,0.000419975,0.000402074,0.195545,0.000387478,-0.111174,0.559171,2015.78,2015.83,2015.85,0.296535,168.614,400
0,0,1,1496,2533.95,0.149297,0.000680963,0.000419975,0.000402074,0.195545,0.000387478,-0.111174,0.564171,2008.05,2025.3,2032.56,0.296535,168.614,400
0,0,1,1496,2533.95,0.149297,0.000680963,0.000419975,0.000402074,0.195545,0.000387478,-0.111174,0.569171,2008.05,2015.27,2018.31,0.296535,168.614,400
0,0,1,1496,2533.95,0.149297,0.000680963,0.000419975,0.000402074,0.195545,0.000387478,-0.111174,0.574171,2008.05,2025.23,2032.47,0.296535,168.614,400
0,0,1,1496,2533.95,0.149297,0.000680963,0.000419975,0.000402074,0.195545,0.000387478,-0.111174,0.579182,2043.31,2031.49,2026.51,0.296535,168.614,400
0,0,1,1496,2533.95,0.149297,0.000680963,0.000419975,0.000402074,0.195545,0.000387478,-0.111174,0.584198,2000.38,2017.77,2025.1,0.296535,168.614,400
0,0,1,1496,2533.95,0.149297,0.000680963,0.000419975,0.000402074,0.195545,0.000387478,-0.111174,0.589199,2008.05,2027.81,2036.15,0.296535,168.614,400
0,0,1,1496,2533.95,0.149297,0.000680963,0.000419975,0.000402074,0.195545,0.000387478,-0.111174,0.594171,2053.33,2033.89,2025.7,0.296535,168.614,400
0,0,1,1496,2533.95,0.149297,0.000680963,0.000419975,0.000402074,0.195545,0.000387478,-0.111174,0.599182,2011.91,2031.39,2039.6,0.296535,168.614,400
0,0,1,1496,2533.95,0.149297,0.000680963,0.000419975,0.000402074,0.195545,0.000387478,-0.111174,0.604171,2049.31,2042.04,2038.98,0.296535,168.614,400
0,0,1,1496,2533.95,0.149297,0.000680963,0.000419975,0.000402074,0.195545,0.000387478,-0.111174,0.609171,2009.98,2025.81,2032.49,0.296535,168.614,400
0,0,1,1496,2533.95,0.149297,0.000680963,0.000419975,0.000402074,0.195545,0.000387478,-0.111174,0.614199,2041.32,2038.63,2037.49,0.296535,168.614,400
0,0,1,1496,2533.95,0.149297,0.000680963,0.000419975,0.000402074,0.195545,0.000387478,-0.111174,0.619199,2073.66,2050.34,2040.51,0.296535,168.614,400
0,0,1,1496,2533.95,0.149297,0.000680963,0.000419975,0.000402074,0.195545,0.000387478,-0.111174,0.624171,2011.91,2032.39,2041.02,0.296535,168.614,400
0,0,1,1496,2533.95,0.149297,0.000680963,0.000419975,0.000402074,0.195545,0.000387478,-0.111174,0.629171,2059.39,2049.78,2045.74,0.296535,168.614,400
0,0,1,1496,2533.95,0.149297,0.000680963,0.000419975,0.000402074,0.195545,0.000387478,-0.111174,0.634171,2013.84,2029.86,2036.61,0.296535,168.614,400
0,0,1,1496,2533.95,0.149297,0.000680963,0.000419975,0.000402074,0.195545,0.000387478,-0.111174,0.639171,2021.62,2040.6,2048.61,0.296535,168.614,400
0,0,1,1496,2533.95,0.149297,0.000680963,0.000419975,0.000402074,0.195545,0.000387478,-0.111174,0.644171,2057.36,2041.85,2035.31,0.296535,168.614,400
0,0,1,1496,2533.95,0.149297,0.000680963,0.000419975,0.000402074,0.195545,0.000387478,-0.111174,0.649171,2009.98,2027.77,2035.28,0.296535,168.614,400
0,0,1,1496,2533.95,0.149297,0.000680963,0.000419975,0.000402074,0.195545,0.000387478,-0.111174,0.654213,2008.05,2036.93,2049.11,0.296535,168.614,400
0,0,1,1496,2533.95,0.149297,0.000680963,0.000419975,0.000402074,0.195545,0.000387478,-0.111174,0.659174,2053.33,2045.13,2041.67,0.296535,168.614,400
0,0,1,1496,2533.95,0.149297,0.000680963,0.000419975,0.000402074,0.195545,0.000387478,-0.111174,0.664174,2006.13,2024.38,2032.08,0.296535,168.614,400
0,0,1,1496,2533.95,0.149297,0.000680963,0.000419975,0.000402074,0.195545,0.000387478,-0.111174,0.669174,2015.78,2033.26,2040.63,0.296535,168.614,400
0,0,1,1496,2533.95,0.149297,0.000680963,0.000419975,0.000402074,0.195545,0.000387478,-0.111174,0.674174,2051.32,2043.4,2040.06,0.296535,168.614,400
0,0,1,1496,2533.95,0.149297,0.000680963,0.000419975,0.000402074,0.195545,0.000387478,-0.111174,0.679173,2008.05,2025.24,2032.49,0.296535,168.614,400
0,0,1,1496,2533.95,0.149297,0.000680963,0.000419975,0.000402074,0.195545,0.000387478,-0.111174,0.684211,2008.05,2025.24,2032.49,0.296535,168.614,400
0,0,1,1496,2533.95,0.149297,0.000680963,0.000419975,0.000402074,0.195545,0.000387478,-0.111174,0.689171,2015.78,2040.39,2050.77,0.296535,168.614,400
0,0,1,1496,2533.95,0.149297,0.000680963,0.000419975,0.000402074,0.195545,0.000387478,-0.111174,0.694171,2049.31,2043.9,2041.62,0.296535,168.614,400
0,0,1,1496,2533.95,0.149297,0.000680963,0.000419975,0.000402074,0.195545,0.000387478,-0.111174,0.699182,2009.98,2026.08,2032.87,0.296535,168.614,400
0,0,1,1496,2533.95,0.149297,0.000680963,0.000419975,0.000402074,0.195545,0.000387478,-0.111174,0.704171,2017.72,2036.47,2044.38,0.296535,168.614,400
0,0,1,1496,2533.95,0.149297,0.000680963,0.000419975,0.000402074,0.195545,0.000387478,-0.111174,0.709186,2055.34,2046.15,2042.27,0.296535,168.614,400
0,0,1,1496,2533.95,0.149297,0.000680963,0.000419975,0.000402074,0.195545,0.000387478,-0.111174,0.714199,2009.98,2029.01,2037.04,0.296535,168.614,400
0,0,1,1496,2533.95,0.149297,0.000680963,0.000419975,0.000402074,0.195545,0.000387478,-0.111174,0.719171,2008.05,2037.68,2050.18,0.296535,168.614,400
0,0,1,1496,2533.95,0.149297,0.000680963,0.000419975,0.000402074,0.195545,0.000387478,-0.111174,0.724171,2057.36,2037.55,2029.2,0.296535,168.614,400
0,0,1,1496,2533.95,0.149297,0.000680963,0.000419975,0.000402074,0.195545,0.000387478,-0.111174,0.729171,2019.67,2036.83,2044.07,0.296535,168.614,400
0,0,1,1496,2533.95,0.149297,0.000680963,0.000419975,0.000402074,0.195545,0.000387478,-0.111174,0.734171,2055.34,2042.24,2036.72,0.296535,168.614,400
0,0,1,1496,2533.95,0.149297,0.000680963,0.000419975,0.000402074,0.195545,0.000387478,-0.111174,0.739199,2027.49,2032.06,2033.99,0.296535,168.614,400
0,0,1,1496,2533.95,0.149297,0.000680963,0.000419975,0.000402074,0.195545,0.000387478,-0.111174,0.744171,2021.62,2039.96,2047.69,0.296535,168.614,400
0,0,1,1496,2533.95,0.149297,0.000680963,0.000419975,0.000402074,0.195545,0.000387478,-0.111174,0.74917,2057.36,2049.35,2045.97,0.296535,168.614,400
0,0,1,1496,2533.95,0.149297,0.000680963,0.000419975,0.000402074,0.195545,0.000387478,-0.111174,0.754171,2009.98,2034.06,2044.22,0.296535,168.614,400
0,0,1,1496,2533.95,0.149297,0.000680963,0.000419975,0.000402074,0.195545,0.000387478,-0.111174,0.759171,2057.36,2050.57,2047.71,0.296535,168.614,400
0,0,1,1496,2533.95,0.149297,0.000680963,0.000419975,0.000402074,0.195545,0.000387478,-0.111174,0.764171,2017.72,2033.07,2039.55,0.296535,168.614,400
0,0,1,1496,2533.95,0.149297,0.000680963,0.000419975,0.000402074,0.195545,0.000387478,-0.111174,0.769171,2027.49,2043.48,2050.22,0.296535,168.614,400
0,0,1,1496,2533.95,0.149297,0.000680963,0.000419975,0.000402074,0.195545,0.000387478,-0.111174,0.774199,2077.77,2055.18,2045.66,0.296535,168.614,400
0,0,1,1496,2533.95,0.149297,0.000680963,0.000419975,0.000402074,0.195545,0.000387478,-0.111174,0.779171,2017.72,2034.56,2041.66,0.296535,168.614,400
0,0,1,1496,2533.95,0.149297,0.000680963,0.000419975,0.000402074,0.195545,0.000387478,-0.111174,0.784211,2025.53,2043.48,2051.05,0.296535,168.614,400
0,0,1,1496,2533.95,0.149297,0.000680963,0.000419975,0.000402074,0.195545,0.000387478,-0.111174,0.789171,2067.52,2048.6,2040.62,0.296535,168.614,400
0,0,1,1496,2533.95,0.149297,0.000680963,0.000419975,0.000402074,0.195545,0.000387478,-0.111174,0.794171,2029.45,2045.41,2052.14,0.296535,168.614,400
0,0,1,1496,2533.95,0.149297,0.000680963,0.000419975,0.000402074,0.195545,0.000387478,-0.111174,0.799171,2065.48,2056.92,2053.31,0.296535,168.614,400
0,0,1,1496,2533.95,0.149297,0.000680963,0.000419975,0.000402074,0.195545,0.000387478,-0.111174,0.804171,2023.57,2039.8,2046.65,0.296535,168.614,400
0,0,1,1496,2533.95,0.149297,0.000680963,0.000419975,0.000402074,0.195545,0.000387478,-0.111174,0.809171,2031.42,2049.45,2057.05,0.296535,168.614,400
0,0,1,1496,2533.95,0.149297,0.000680963,0.000419975,0.000402074,0.195545,0.000387478,-0.111174,0.814202,2065.48,2057.78,2054.54,0.296535,168.614,400
0,0,1,1496,2533.95,0.149297,0.000680963,0.000419975,0.000402074,0.195545,0.000387478,-0.111174,0.819199,2002.29,2031.41,2043.69,0.296535,168.614,400
0,0,1,1496,2533.95,0.149297,0.000680963,0.000419975,0.000402074,0.195545,0.000387478,-0.111174,0.824171,2029.45,2053.33,2063.4,0.296535,168.614,400
0,0,1,1496,2533.95,0.149297,0.000680963,0.000419975,0.000402074,0.195545,0.000387478,-0.111174,0.829171,2063.44,2056.6,2053.71,0.296535,168.614,400
0,0,1,1496,2533.95,0.149297,0.000680963,0.000419975,0.000402074,0.195545,0.000387478,-0.111174,0.834171,2021.62,2036.17,2042.3,0.296535,168.614,400
0,0,1,1496,2533.95,0.149297,0.000680963,0.000419975,0.000402074,0.195545,0.000387478,-0.111174,0.839171,2031.42,2044.55,2050.08,0.296535,168.614,400
0,0,1,1496,2533.95,0.149297,0.000680963,0.000419975,0.000402074,0.195545,0.000387478,-0.111174,0.844171,2061.41,2053.72,2050.48,0.296535,168.614,400
0,0,1,1496,2533.95,0.149297,0.000680963,0.000419975,0.000402074,0.195545,0.000387478,-0.111174,0.849198,2019.67,2036.25,2043.24,0.296535,168.614,400
0,0,1,1496,2533.95,0.149297,0.000680963,0.000419975,0.000402074,0.195545,0.000387478,-0.111174,0.854177,2029.45,2046.36,2053.48,0.296535,168.614,400
0,0,1,1496,2533.95,0.149297,0.000680963,0.000419975,0.000402074,0.195545,0.000387478,-0.111174,0.85917,2023.57,2050.33,2061.61,0.296535,168.614,400
0,0,1,1496,2533.95,0.149297,0.000680963,0.000419975,0.000402074,0.195545,0.000387478,-0.111174,0.864171,2065.48,2057.23,2053.75,0.296535,168.614,400
0,0,1,1496,2533.95,0.149297,0.000680963,0.000419975,0.000402074,0.195545,0.000387478,-0.111174,0.869171,2027.49,2045.91,2053.68,0.296535,168.614,400
0,0,1,1496,2533.95,0.149297,0.000680963,0.000419975,0.000402074,0.195545,0.000387478,-0.111174,0.874171,2065.48,2056.39,2052.56,0.296535,168.614,400
0,0,1,1496,2533.95,0.149297,0.000680963,0.000419975,0.000402074,0.195545,0.000387478,-0.111174,0.879171,2019.67,2036.11,2043.05,0.296535,168.614,400
0,0,1,1496,2533.95,0.149297,0.000680963,0.000419975,0.000402074,0.195545,0.000387478,-0.111174,0.884171,2027.49,2044.19,2051.23,0.296535,168.614,400
0,0,1,1496,2533.95,0.149297,0.000680963,0.000419975,0.000402074,0.195545,0.000387478,-0.111174,0.889171,2061.41,2053.76,2050.53,0.296535,168.614,400
0,0,1,1496,2533.95,0.149297,0.000680963,0.000419975,0.000402074,0.195545,0.000387478,-0.111174,0.894203,2055.34,2044.35,2039.72,0.296535,168.614,400
0,0,1,1496,2533.95,0.149297,0.000680963,0.000419975,0.000402074,0.195545,0.000387478,-0.111174,0.899171,2019.67,2039.78,2048.26,0.296535,168.614,400
0,0,1,1496,2533.95,0.149297,0.000680963,0.000419975,0.000402074,0.195545,0.000387478,-0.111174,0.904171,2065.48,2055.71,2051.59,0.296535,168.614,400
0,0,1,1496,2533.95,0.149297,0.000680963,0.000419975,0.000402074,0.195545,0.000387478,-0.111174,0.909171,2021.62,2035.7,2041.63,0.296535,168.614,400
0,0,1,1496,2533.95,0.149297,0.000680963,0.000419975,0.000402074,0.195545,0.000387478,-0.111174,0.914171,2029.45,2047.78,2055.51,0.296535,168.614,400
0,0,1,1496,2533.95,0.149297,0.000680963,0.000419975,0.000402074,0.195545,0.000387478,-0.111174,0.919171,2067.52,2048.44,2040.4,0.296535,168.614,400
0,0,1,1496,2533.95,0.149297,0.000680963,0.000419975,0.000402074,0.195545,0.000387478,-0.111174,0.924202,2039.33,2041.71,2042.71,0.296535,168.614,400
0,0,1,1496,2533.95,0.149297,0.000680963,0.000419975,0.000402074,0.195545,0.000387478,-0.111174,0.929176,2035.37,2049.79,2055.87,0.296535,168.614,400
0,0,1,1496,2533.95,0.149297,0.000680963,0.000419975,0.000402074,0.195545,0.000387478,-0.111174,0.934172,2071.61,2052.71,2044.74,0.296535,168.614,400
0,0,1,1496,2533.95,0.149297,0.000680963,0.000419975,0.000402074,0.195545,0.000387478,-0.111174,0.939174,2015.78,2034.43,2042.29,0.296535,168.614,400
0,0,1,1496,2533.95,0.149297,0.000680963,0.000419975,0.000402074,0.195545,0.000387478,-0.111174,0.944174,2035.37,2052.3,2059.44,0.296535,168.614,400
0,0,1,1496,2533.95,0.149297,0.000680963,0.000419975,0.000402074,0.195545,0.000387478,-0.111174,0.949174,2075.71,2065.18,2060.74,0.296535,168.614,400
0,0,1,1496,2533.95,0.149297,0.000680963,0.000419975,0.000402074,0.195545,0.000387478,-0.111174,0.954174,2031.42,2046.99,2053.55,0.296535,168.614,400
0,0,1,1496,2533.95,0.149297,0.000680963,0.000419975,0.000402074,0.195545,0.000387478,-0.111174,0.959174,2039.33,2058.28,2066.27,0.296535,168.614,400
0,0,1,1496,2533.95,0.149297,0.000680963,0.000419975,0.000402074,0.195545,0.000387478,-0.111174,0.964177,2077.77,2070.79,2067.84,0.296535,168.614,400
0,0,1,1496,2533.95,0.149297,0.000680963,0.000419975,0.000402074,0.195545,0.000387478,-0.111174,0.969205,2077.77,2070.79,2067.84,0.296535,168.614,400
0,0,1,1496,2533.95,0.149297,0.000680963,0.000419975,0.000402074,0.195545,0.000387478,-0.111174,0.974177,2033.39,2049.74,2056.63,0.296535,168.614,400
0,0,1,1496,2533.95,0.149297,0.000680963,0.000419975,0.000402074,0.195545,0.000387478,-0.111174,0.979203,2043.31,2055.33,2060.4,0.296535,168.614,400
0,0,1,1496,2533.95,0.149297,0.000680963,0.000419975,0.000402074,0.195545,0.000387478,-0.111174,0.984171,2043.31,2064.22,2073.03,0.296535,168.614,400
0,0,1,1496,2533.95,0.149297,0.000680963,0.000419975,0.000402074,0.195545,0.000387478,-0.111174,0.989171,2043.31,2052.52,2056.4,0.296535,168.614,400
0,0,1,1496,2533.95,0.149297,0.000680963,0.000419975,0.000402074,0.195545,0.000387478,-0.111174,0.994171,2045.31,2060.67,2067.15,0.296535,168.614,400
0,0,1,1496,2533.95,0.149297,0.000680963,0.000419975,0.000402074,0.195545,0.000387478,-0.111174,0.999171,2075.71,2069.07,2066.26,0.296535,168.614,400
0,0,1,1496,2533.95,0.149297,0.000680963,0.000419975,0.000402074,0.195545,0.000387478,-0.111174,1.00417,2035.37,2051.01,2057.6,0.296535,168.614,400
0,0,1,1496,2533.95,0.149297,0.000680963,0.000419975,0.000402074,0.195545,0.000387478,-0.111174,1.00917,2043.31,2061.91,2069.74,0.296535,168.614,400
0,0,1,1496,2533.95,0.149297,0.000680963,0.000419975,0.000402074,0.195545,0.000387478,-0.111174,1.0142,2079.84,2071,2067.28,0.296535,168.614,400
0,0,1,1496,2533.95,0.149297,0.000680963,0.000419975,0.000402074,0.195545,0.000387478,-0.111174,1.01919,2039.33,2055.17,2061.85,0.296535,168.614,400
0,0,1,1496,2533.95,0.149297,0.000680963,0.000419975,0.000402074,0.195545,0.000387478,-0.111174,1.02417,2047.31,2063.97,2070.99,0.296535,168.614,400
0,0,1,1496,2533.95,0.149297,0.000680963,0.000419975,0.000402074,0.195545,0.000387478,-0.111174,1.0292,2047.31,2067.18,2075.56,0.296535,168.614,400
0,0,1,1496,2533.95,0.149297,0.000680963,0.000419975,0.000402074,0.195545,0.000387478,-0.111174,1.03417,2096.49,2066.56,2053.94,0.296535,168.614,400
0,0,1,1496,2533.95,0.149297,0.000680963,0.000419975,0.000402074,0.195545,0.000387478,-0.111174,1.03917,2035.37,2056.99,2066.1,0.296535,168.614,400
0,0,1,1496,2533.95,0.149297,0.000680963,0.000419975,0.000402074,0.195545,0.000387478,-0.111174,1.04417,2045.31,2063.43,2071.07,0.296535,168.614,400
0,0,1,1496,2533.95,0.149297,0.000680963,0.000419975,0.000402074,0.195545,0.000387478,-0.111174,1.04917,2083.98,2074.4,2070.36,0.296535,168.614,400
0,0,1,1496,2533.95,0.149297,0.000680963,0.000419975,0.000402074,0.195545,0.000387478,-0.111174,1.05417,2043.31,2054.56,2059.3,0.296535,168.614,400
0,0,1,1496,2533.95,0.149297,0.000680963,0.000419975,0.000402074,0.195545,0.000387478,-0.111174,1.05917,2051.32,2067.08,2073.73,0.296535,168.614,400
0,0,1,1496,2533.95,0.149297,0.000680963,0.000419975,0.000402074,0.195545,0.000387478,-0.111174,1.06417,2096.49,2078.59,2071.05,0.296535,168.614,400
0,0,1,1496,2533.95,0.149297,0.000680963,0.000419975,0.000402074,0.195545,0.000387478,-0.111174,1.06917,2035.37,2058.1,2067.69,0.296535,168.614,400
0,0,1,1496,2533.95,0.149297,0.000680963,0.000419975,0.000402074,0.195545,0.000387478,-0.111174,1.0742,2053.33,2068.61,2075.05,0.296535,168.614,400
0,0,1,1496,2533.95,0.149297,0.000680963,0.000419975,0.000402074,0.195545,0.000387478,-0.111174,1.07921,2088.13,2079.72,2076.18,0.296535,168.614,400
0,0,1,1496,2533.95,0.149297,0.000680963,0.000419975,0.000402074,0.195545,0.000387478,-0.111174,1.08417,2092.3,2073.2,2065.15,0.296535,168.614,400
0,0,1,1496,2533.95,0.149297,0.000680963,0.000419975,0.000402074,0.195545,0.000387478,-0.111174,1.0892,2045.31,2065.04,2073.35,0.296535,168.614,400
0,0,1,1496,2533.95,0.149297,0.000680963,0.000419975,0.000402074,0.195545,0.000387478,-0.111174,1.09417,2053.33,2074.44,2083.34,0.296535,168.614,400
0,0,1,1496,2533.95,0.149297,0.000680963,0.000419975,0.000402074,0.195545,0.000387478,-0.111174,1.09917,2045.31,2061.6,2068.47,0.296535,168.614,400
0,0,1,1496,2533.95,0.149297,0.000680963,0.000419975,0.000402074,0.195545,0.000387478,-0.111174,1.10417,2053.33,2070.57,2077.84,0.296535,168.614,400
0,0,1,1496,2533.95,0.149297,0.000680963,0.000419975,0.000402074,0.195545,0.000387478,-0.111174,1.10917,2092.3,2083.93,2080.4,0.296535,168.614,400
0,0,1,1496,2533.95,0.149297,0.000680963,0.000419975,0.000402074,0.195545,0.000387478,-0.111174,1.11417,2047.31,2063.78,2070.73,0.296535,168.614,400
0,0,1,1496,2533.95,0.149297,0.000680963,0.000419975,0.000402074,0.195545,0.000387478,-0.111174,1.11917,2055.34,2070.6,2077.03,0.296535,168.614,400
0,0,1,1496,2533.95,0.149297,0.000680963,0.000419975,0.000402074,0.195545,0.000387478,-0.111174,1.12417,2088.13,2073.15,2066.83,0.296535,168.614,400
0,0,1,1496,2533.95,0.149297,0.000680963,0.000419975,0.000402074,0.195545,0.000387478,-0.111174,1.12917,2045.31,2065.49,2074,0.296535,168.614,400
0,0,1,1496,2533.95,0.149297,0.000680963,0.000419975,0.000402074,0.195545,0.000387478,-0.111174,1.13417,2053.33,2068.58,2075,0.296535,168.614,400
0,0,1,1496,2533.95,0.149297,0.000680963,0.000419975,0.000402074,0.195545,0.000387478,-0.111174,1.13917,2086.05,2079.64,2076.93,0.296535,168.614,400
0,0,1,1496,2533.95,0.149297,0.000680963,0.000419975,0.000402074,0.195545,0.000387478,-0.111174,1.14419,2045.31,2061.68,2068.59,0.296535,168.614,400
0,0,1,1496,2533.95,0.149297,0.000680963,0.000419975,0.000402074,0.195545,0.000387478,-0.111174,1.14917,2053.33,2073.55,2082.08,0.296535,168.614,400
0,0,1,1496,2533.95,0.149297,0.000680963,0.000419975,0.000402074,0.195545,0.000387478,-0.111174,1.15417,2094.4,2072.75,2063.63,0.296535,168.614,400
0,0,1,1496,2533.95,0.149297,0.000680963,0.000419975,0.000402074,0.195545,0.000387478,-0.111174,1.15921,2043.31,2063.86,2072.53,0.296535,168.614,400
0,0,1,1496,2533.95,0.149297,0.000680963,0.000419975,0.000402074,0.195545,0.000387478,-0.111174,1.16417,2053.33,2068.41,2074.77,0.296535,168.614,400
0,0,1,1496,2533.95,0.149297,0.000680963,0.000419975,0.000402074,0.195545,0.000387478,-0.111174,1.16917,2043.31,2059.15,2065.83,0.296535,168.614,400
0,0,1,1496,2533.95,0.149297,0.000680963,0.000419975,0.000402074,0.195545,0.000387478,-0.111174,1.17417,2051.32,2066.98,2073.58,0.296535,168.614,400
0,0,1,1496,2533.95,0.149297,0.000680963,0.000419975,0.000402074,0.195545,0.000387478,-0.111174,1.17917,2086.05,2076.79,2072.88,0.296535,168.614,400
0,0,1,1496,2533.95,0.149297,0.000680963,0.000419975,0.000402074,0.195545,0.000387478,-0.111174,1.18417,2043.31,2059.24,2065.96,0.296535,168.614,400
0,0,1,1496,2533.95,0.149297,0.000680963,0.000419975,0.000402074,0.195545,0.000387478,-0.111174,1.18917,2049.31,2065.18,2071.87,0.296535,168.614,400
0,0,1,1496,2533.95,0.149297,0.000680963,0.000419975,0.000402074,0.195545,0.000387478,-0.111174,1.19417,2088.13,2077.17,2072.55,0.296535,168.614,400
0,0,1,1496,2533.95,0.149297,0.000680963,0.000419975,0.000402074,0.195545,0.000387478,-0.111174,1.19917,2081.9,2064.4,2057.02,0.296535,168.614,400
0,0,1,1496,2533.95,0.149297,0.000680963,0.000419975,0.000402074,0.195545,0.000387478,-0.111174,1.2042,2051.32,2068.31,2075.47,0.296535,168.614,400
0,0,1,1496,2533.95,0.149297,0.000680963,0.000419975,0.000402074,0.195545,0.000387478,-0.111174,1.20917,2113.42,2082.6,2069.61,0.296535,168.614,400
0,0,1,1496,2533.95,0.149297,0.000680963,0.000419975,0.000402074,0.195545,0.000387478,-0.111174,1.21418,2039.33,2062.36,2072.06,0.296535,168.614,400
0,0,1,1496,2533.95,0.149297,0.000680963,0.000419975,0.000402074,0.195545,0.000387478,-0.111174,1.2192,2051.32,2072.53,2081.48,0.296535,168.614,400
0,0,1,1496,2533.95,0.149297,0.000680963,0.000419975,0.000402074,0.195545,0.000387478,-0.111174,1.22417,2051.32,2072.62,2081.6,0.296535,168.614,400
0,0,1,1496,2533.95,0.149297,0.000680963,0.000419975,0.000402074,0.195545,0.000387478,-0.111174,1.22917,2045.31,2061.19,2067.88,0.296535,168.614,400
0,0,1,1496,2533.95,0.149297,0.000680963,0.000419975,0.000402074,0.195545,0.000387478,-0.111174,1.23417,2053.33,2071.15,2078.67,0.296535,168.614,400
0,0,1,1496,2533.95,0.149297,0.000680963,0.000419975,0.000402074,0.195545,0.000387478,-0.111174,1.23917,2086.05,2079.56,2076.82,0.296535,168.614,400
0,0,1,1496,2533.95,0.149297,0.000680963,0.000419975,0.000402074,0.195545,0.000387478,-0.111174,1.24417,2045.31,2061.78,2068.72,0.296535,168.614,400
0,0,1,1496,2533.95,0.149297,0.000680963,0.000419975,0.000402074,0.195545,0.000387478,-0.111174,1.2492,2053.33,2069.99,2077.01,0.296535,168.614,400
0,0,1,1496,2533.95,0.149297,0.000680963,0.000419975,0.000402074,0.195545,0.000387478,-0.111174,1.25417,2079.84,2077.5,2076.52,0.296535,168.614,400
0,0,1,1496,2533.95,0.149297,0.000680963,0.000419975,0.000402074,0.195545,0.000387478,-0.111174,1.25917,2045.31,2064.91,2073.17,0.296535,168.614,400
0,0,1,1496,2533.95,0.149297,0.000680963,0.000419975,0.000402074,0.195545,0.000387478,-0.111174,1.26417,2055.34,2073.15,2080.66,0.296535,168.614,400
0,0,1,1496,2533.95,0.149297,0.000680963,0.000419975,0.000402074,0.195545,0.000387478,-0.111174,1.2692,2092.3,2081.43,2076.84,0.296535,168.614,400
0,0,1,1496,2533.95,0.149297,0.000680963,0.000419975,0.000402074,0.195545,0.000387478,-0.111174,1.27421,2092.3,2081.43,2076.84,0.296535,168.614,400
0,0,1,1496,2533.95,0.149297,0.000680963,0.000419975,0.000402074,0.195545,0.000387478,-0.111174,1.27917,2051.32,2055.1,2056.69,0.296535,168.614,400
0,0,1,1496,2533.95,0.149297,0.000680963,0.000419975,0.000402074,0.195545,0.000387478,-0.111174,1.2842,2055.34,2067.72,2072.94,0.296535,168.614,400
0,0,1,1496,2533.95,0.149297,0.000680963,0.000419975,0.000402074,0.195545,0.000387478,-0.111174,1.2892,2027.49,2072.3,2091.19,0.296535,168.614,400
0,0,1,1496,2533.95,0.149297,0.000680963,0.000419975,0.000402074,0.195545,0.000387478,-0.111174,1.29417,2098.59,2078.45,2069.96,0.296535,168.614,400
0,0,1,1496,2533.95,0.149297,0.000680963,0.000419975,0.000402074,0.195545,0.000387478,-0.111174,1.29917,2049.31,2065.9,2072.9,0.296535,168.614,400
0,0,1,1496,2533.95,0.149297,0.000680963,0.000419975,0.000402074,0.195545,0.000387478,-0.111174,1.30417,2057.36,2072.77,2079.27,0.296535,168.614,400
0,0,1,1496,2533.95,0.149297,0.000680963,0.000419975,0.000402074,0.195545,0.000387478,-0.111174,1.3092,2090.21,2081.6,2077.96,0.296535,168.614,400
0,0,1,1496,2533.95,0.149297,0.000680963,0.000419975,0.000402074,0.195545,0.000387478,-0.111174,1.31417,2053.33,2063.37,2067.6,0.296535,168.614,400
0,0,1,1496,2533.95,0.149297,0.000680963,0.000419975,0.000402074,0.195545,0.000387478,-0.111174,1.31917,2055.34,2073.17,2080.68,0.296535,168.614,400
0,0,1,1496,2533.95,0.149297,0.000680963,0.000419975,0.000402074,0.195545,0.000387478,-0.111174,1.32417,2086.05,2078.88,2075.85,0.296535,168.614,400
0,0,1,1496,2533.95,0.149297,0.000680963,0.000419975,0.000402074,0.195545,0.000387478,-0.111174,1.32917,2043.31,2059.91,2066.9,0.296535,168.614,400
0,0,1,1496,2533.95,0.149297,0.000680963,0.000419975,0.000402074,0.195545,0.000387478,-0.111174,1.33417,2051.32,2066.92,2073.49,0.296535,168.614,400
0,0,1,1496,2533.95,0.149297,0.000680963,0.000419975,0.000402074,0.195545,0.000387478,-0.111174,1.3392,2088.13,2078.31,2074.18,0.296535,168.614,400
0,0,1,1496,2533.95,0.149297,0.000680963,0.000419975,0.000402074,0.195545,0.000387478,-0.111174,1.34417,2051.32,2058.34,2061.3,0.296535,168.614,400
0,0,1,1496,2533.95,0.149297,0.000680963,0.000419975,0.000402074,0.195545,0.000387478,-0.111174,1.34922,2031.42,2057.65,2068.71,0.296535,168.614,400
0,0,1,1496,2533.95,0.149297,0.000680963,0.000419975,0.000402074,0.195545,0.000387478,-0.111174,1.35417,2043.31,2069.72,2080.86,0.296535,168.614,400
0,0,1,1496,2533.95,0.149297,0.000680963,0.000419975,0.000402074,0.195545,0.000387478,-0.111174,1.35917,2061.41,2065.95,2067.87,0.296535,168.614,400
0,0,1,1496,2533.95,0.149297,0.000680963,0.000419975,0.000402074,0.195545,0.000387478,-0.111174,1.36417,2037.35,2053.05,2059.66,0.296535,168.614,400
0,0,1,1496,2533.95,0.149297,0.000680963,0.000419975,0.000402074,0.195545,0.000387478,-0.111174,1.3692,2027.49,2054.83,2066.36,0.296535,168.614,400
0,0,1,1496,2533.95,0.149297,0.000680963,0.000419975,0.000402074,0.195545,0.000387478,-0.111174,1.37417,2075.71,2068.35,2065.24,0.296535,168.614,400
0,0,1,1496,2533.95,0.149297,0.000680963,0.000419975,0.000402074,0.195545,0.000387478,-0.111174,1.37917,2029.45,2046.01,2052.99,0.296535,168.614,400
0,0,1,1496,2533.95,0.149297,0.000680963,0.000419975,0.000402074,0.195545,0.000387478,-0.111174,1.38417,2035.37,2048.55,2054.11,0.296535,168.614,400
0,0,1,1496,2533.95,0.149297,0.000680963,0.000419975,0.000402074,0.195545,0.000387478,-0.111174,1.38924,2071.61,2063.1,2059.52,0.296535,168.614,400
0,0,1,1496,2533.95,0.149297,0.000680963,0.000419975,0.000402074,0.195545,0.000387478,-0.111174,1.3942,2065.48,2051.02,2044.92,0.296535,168.614,400
0,0,1,1496,2533.95,0.149297,0.000680963,0.000419975,0.000402074,0.195545,0.000387478,-0.111174,1.39918,2033.39,2056.52,2066.27,0.296535,168.614,400
0,0,1,1496,2533.95,0.149297,0.000680963,0.000419975,0.000402074,0.195545,0.000387478,-0.111174,1.40418,2029.45,2043.84,2049.91,0.296535,168.614,400
0,0,1,1496,2533.95,0.149297,0.000680963,0.000419975,0.000402074,0.195545,0.000387478,-0.111174,1.40918,2033.39,2053.3,2061.69,0.296535,168.614,400
0,0,1,1496,2533.95,0.149297,0.000680963,0.000419975,0.000402074,0.195545,0.000387478,-0.111174,1.41418,2069.56,2061.29,2057.81,0.296535,168.614,400
0,0,1,1496,2533.95,0.149297,0.000680963,0.000419975,0.000402074,0.195545,0.000387478,-0.111174,1.41918,2027.49,2038.66,2043.37,0.296535,168.614,400
0,0,1,1496,2533.95,0.149297,0.000680963,0.000419975,0.000402074,0.195545,0.000387478,-0.111174,1.42418,2033.39,2042.85,2046.83,0.296535,168.614,400
0,0,1,1496,2533.95,0.149297,0.000680963,0.000419975,0.000402074,0.195545,0.000387478,-0.111174,1.42923,2079.84,2063.44,2056.53,0.296535,168.614,400
0,0,1,1496,2533.95,0.149297,0.000680963,0.000419975,0.000402074,0.195545,0.000387478,-0.111174,1.43417,2025.53,2042.62,2049.83,0.296535,168.614,400
0,0,1,1496,2533.95,0.149297,0.000680963,0.000419975,0.000402074,0.195545,0.000387478,-0.111174,1.43921,2029.45,2054.08,2064.46,0.296535,168.614,400
0,0,1,1496,2533.95,0.149297,0.000680963,0.000419975,0.000402074,0.195545,0.000387478,-0.111174,1.44418,2065.48,2058.41,2055.44,0.296535,168.614,400
0,0,1,1496,2533.95,0.149297,0.000680963,0.000419975,0.000402074,0.195545,0.000387478,-0.111174,1.44918,2027.49,2042.85,2049.33,0.296535,168.614,400
0,0,1,1496,2533.95,0.149297,0.000680963,0.000419975,0.000402074,0.195545,0.000387478,-0.111174,1.45417,2035.37,2051.57,2058.4,0.296535,168.614,400
0,0,1,1496,2533.95,0.149297,0.000680963,0.000419975,0.000402074,0.195545,0.000387478,-0.111174,1.45917,2071.61,2062.4,2058.52,0.296535,168.614,400
0,0,1,1496,2533.95,0.149297,0.000680963,0.000419975,0.000402074,0.195545,0.000387478,-0.111174,1.46417,2027.49,2045.07,2052.49,0.296535,168.614,400
0,0,1,1496,2533.95,0.149297,0.000680963,0.000419975,0.000402074,0.195545,0.000387478,-0.111174,1.4692,2035.37,2049.7,2055.74,0.296535,168.614,400
0,0,1,1496,2533.95,0.149297,0.000680963,0.000419975,0.000402074,0.195545,0.000387478,-0.111174,1.4742,2069.56,2063.57,2061.04,0.296535,168.614,400
0,0,1,1496,2533.95,0.149297,0.000680963,0.000419975,0.000402074,0.195545,0.000387478,-0.111174,1.47921,2027.49,2045.59,2053.23,0.296535,168.614,400
0,0,1,1496,2533.95,0.149297,0.000680963,0.000419975,0.000402074,0.195545,0.000387478,-0.111174,1.48417,2031.42,2057.25,2068.13,0.296535,168.614,400
0,0,1,1496,2533.95,0.149297,0.000680963,0.000419975,0.000402074,0.195545,0.000387478,-0.111174,1.48917,2029.45,2045.13,2051.74,0.296535,168.614,400
0,0,1,1496,2533.95,0.149297,0.000680963,0.000419975,0.000402074,0.195545,0.000387478,-0.111174,1.4942,2037.35,2053.73,2060.64,0.296535,168.614,400
0,0,1,1496,2533.95,0.149297,0.000680963,0.000419975,0.000402074,0.195545,0.000387478,-0.111174,1.49917,2073.66,2065.43,2061.96,0.296535,168.614,400
0,0,1,1496,2533.95,0.149297,0.000680963,0.000419975,0.000402074,0.195545,0.000387478,-0.111174,1.50417,2029.45,2045.94,2052.89,0.296535,168.614,400
0,0,1,1496,2533.95,0.149297,0.000680963,0.000419975,0.000402074,0.195545,0.000387478,-0.111174,1.50917,2039.33,2057.86,2065.67,0.296535,168.614,400
0,0,1,1496,2533.95,0.149297,0.000680963,0.000419975,0.000402074,0.195545,0.000387478,-0.111174,1.51421,2073.66,2064,2059.93,0.296535,168.614,400
0,0,1,1496,2533.95,0.149297,0.000680963,0.000419975,0.000402074,0.195545,0.000387478,-0.111174,1.51917,2031.42,2046.51,2052.88,0.296535,168.614,400
0,0,1,1496,2533.95,0.149297,0.000680963,0.000419975,0.000402074,0.195545,0.000387478,-0.111174,1.5242,2031.42,2046.51,2052.88,0.296535,168.614,400
0,0,1,1496,2533.95,0.149297,0.000680963,0.000419975,0.000402074,0.195545,0.000387478,-0.111174,1.52917,2073.66,2066.6,2063.63,0.296535,168.614,400
0,0,1,1496,2533.95,0.149297,0.000680963,0.000419975,0.000402074,0.195545,0.000387478,-0.111174,1.53418,2039.33,2056.69,2064.01,0.296535,168.614,400
0,0,1,1496,2533.95,0.149297,0.000680963,0.000419975,0.000402074,0.195545,0.000387478,-0.111174,1.5392,2086.05,2069.01,2061.82,0.296535,168.614,400
0,0,1,1496,2533.95,0.149297,0.000680963,0.000419975,0.000402074,0.195545,0.000387478,-0.111174,1.54418,2033.39,2050.62,2057.89,0.296535,168.614,400
0,0,1,1496,2533.95,0.149297,0.000680963,0.000419975,0.000402074,0.195545,0.000387478,-0.111174,1.54917,2041.32,2059.29,2066.86,0.296535,168.614,400
0,0,1,1496,2533.95,0.149297,0.000680963,0.000419975,0.000402074,0.195545,0.000387478,-0.111174,1.55418,2075.71,2070.68,2068.56,0.296535,168.614,400
0,0,1,1496,2533.95,0.149297,0.000680963,0.000419975,0.000402074,0.195545,0.000387478,-0.111174,1.55921,2033.39,2047.43,2053.35,0.296535,168.614,400
0,0,1,1496,2533.95,0.149297,0.000680963,0.000419975,0.000402074,0.195545,0.000387478,-0.111174,1.56418,2041.32,2058.02,2065.06,0.296535,168.614,400
0,0,1,1496,2533.95,0.149297,0.000680963,0.000419975,0.000402074,0.195545,0.000387478,-0.111174,1.56921,2081.9,2060.72,2051.79,0.296535,168.614,400
0,0,1,1496,2533.95,0.149297,0.000680963,0.000419975,0.000402074,0.195545,0.000387478,-0.111174,1.57418,2031.42,2045.04,2050.78,0.296535,168.614,400
0,0,1,1496,2533.95,0.149297,0.000680963,0.000419975,0.000402074,0.195545,0.000387478,-0.111174,1.5792,2075.71,2067.49,2064.02,0.296535,168.614,400
0,0,1,1496,2533.95,0.149297,0.000680963,0.000419975,0.000402074,0.195545,0.000387478,-0.111174,1.58418,2035.37,2049.84,2055.94,0.296535,168.614,400
0,0,1,1496,2533.95,0.149297,0.000680963,0.000419975,0.000402074,0.195545,0.000387478,-0.111174,1.58918,2043.31,2058.64,2065.1,0.296535,168.614,400
0,0,1,1496,2533.95,0.149297,0.000680963,0.000419975,0.000402074,0.195545,0.000387478,-0.111174,1.59418,2077.77,2068.56,2064.67,0.296535,168.614,400
0,0,1,1496,2533.95,0.149297,0.000680963,0.000419975,0.000402074,0.195545,0.000387478,-0.111174,1.59918,2033.39,2049.63,2056.48,0.296535,168.614,400
0,0,1,1496,2533.95,0.149297,0.000680963,0.000419975,0.000402074,0.195545,0.000387478,-0.111174,1.60418,2043.31,2059.74,2066.66,0.296535,168.614,400
0,0,1,1496,2533.95,0.149297,0.000680963,0.000419975,0.000402074,0.195545,0.000387478,-0.111174,1.60921,2043.31,2059.74,2066.66,0.296535,168.614,400
0,0,1,1496,2533.95,0.149297,0.000680963,0.000419975,0.000402074,0.195545,0.000387478,-0.111174,1.61418,2077.77,2069.24,2065.64,0.296535,168.614,400
0,0,1,1496,2533.95,0.149297,0.000680963,0.000419975,0.000402074,0.195545,0.000387478,-0.111174,1.6192,2086.05,2063.37,2053.81,0.296535,168.614,400
0,0,1,1496,2533.95,0.149297,0.000680963,0.000419975,0.000402074,0.195545,0.000387478,-0.111174,1.62418,2031.42,2053.99,2063.5,0.296535,168.614,400
0,0,1,1496,2533.95,0.149297,0.000680963,0.000419975,0.000402074,0.195545,0.000387478,-0.111174,1.62918,2039.33,2058.1,2066.02,0.296535,168.614,400
0,0,1,1496,2533.95,0.149297,0.000680963,0.000419975,0.000402074,0.195545,0.000387478,-0.111174,1.63418,2094.4,2071.04,2061.19,0.296535,168.614,400
0,0,1,1496,2533.95,0.149297,0.000680963,0.000419975,0.000402074,0.195545,0.000387478,-0.111174,1.63918,2043.31,2050.97,2054.2,0.296535,168.614,400
0,0,1,1496,2533.95,0.149297,0.000680963,0.000419975,0.000402074,0.195545,0.000387478,-0.111174,1.64418,2039.33,2055.26,2061.97,0.296535,168.614,400
0,0,1,1496,2533.95,0.149297,0.000680963,0.000419975,0.000402074,0.195545,0.000387478,-0.111174,1.64918,2071.61,2064.56,2061.59,0.296535,168.614,400
0,0,1,1496,2533.95,0.149297,0.000680963,0.000419975,0.000402074,0.195545,0.000387478,-0.111174,1.65421,2027.49,2045.46,2053.04,0.296535,168.614,400
0,0,1,1496,2533.95,0.149297,0.000680963,0.000419975,0.000402074,0.195545,0.000387478,-0.111174,1.65918,2037.35,2053.9,2060.87,0.296535,168.614,400
0,0,1,1496,2533.95,0.149297,0.000680963,0.000419975,0.000402074,0.195545,0.000387478,-0.111174,1.6642,2035.37,2058.43,2068.15,0.296535,168.614,400
0,0,1,1496,2533.95,0.149297,0.000680963,0.000419975,0.000402074,0.195545,0.000387478,-0.111174,1.66918,2077.77,2055.3,2045.82,0.296535,168.614,400
0,0,1,1496,2533.95,0.149297,0.000680963,0.000419975,0.000402074,0.195545,0.000387478,-0.111174,1.67418,2037.35,2054.97,2062.4,0.296535,168.614,400
0,0,1,1496,2533.95,0.149297,0.000680963,0.000419975,0.000402074,0.195545,0.000387478,-0.111174,1.67918,2073.66,2062.88,2058.33,0.296535,168.614,400
0,0,1,1496,2533.95,0.149297,0.000680963,0.000419975,0.000402074,0.195545,0.000387478,-0.111174,1.68418,2029.45,2045.27,2051.93,0.296535,168.614,400
0,0,1,1496,2533.95,0.149297,0.000680963,0.000419975,0.000402074,0.195545,0.000387478,-0.111174,1.68918,2037.35,2053.6,2060.45,0.296535,168.614,400
0,0,1,1496,2533.95,0.149297,0.000680963,0.000419975,0.000402074,0.195545,0.000387478,-0.111174,1.69418,2071.61,2064.18,2061.04,0.296535,168.614,400
0,0,1,1496,2533.95,0.149297,0.000680963,0.000419975,0.000402074,0.195545,0.000387478,-0.111174,1.69921,2029.45,2044.85,2051.34,0.296535,168.614,400
0,0,1,1496,2533.95,0.149297,0.000680963,0.000419975,0.000402074,0.195545,0.000387478,-0.111174,1.7042,2033.39,2051.5,2059.14,0.296535,168.614,400
0,0,1,1496,2533.95,0.149297,0.000680963,0.000419975,0.000402074,0.195545,0.000387478,-0.111174,1.70918,2073.66,2054.18,2045.97,0.296535,168.614,400
0,0,1,1496,2533.95,0.149297,0.000680963,0.000419975,0.000402074,0.195545,0.000387478,-0.111174,1.71418,2025.53,2047.59,2056.89,0.296535,168.614,400
0,0,1,1496,2533.95,0.149297,0.000680963,0.000419975,0.000402074,0.195545,0.000387478,-0.111174,1.71918,2069.56,2062.77,2059.91,0.296535,168.614,400
0,0,1,1496,2533.95,0.149297,0.000680963,0.000419975,0.000402074,0.195545,0.000387478,-0.111174,1.72418,2025.53,2035.09,2039.12,0.296535,168.614,400
0,0,1,1496,2533.95,0.149297,0.000680963,0.000419975,0.000402074,0.195545,0.000387478,-0.111174,1.72918,2043.31,2053.49,2057.78,0.296535,168.614,400
0,0,1,1496,2533.95,0.149297,0.000680963,0.000419975,0.000402074,0.195545,0.000387478,-0.111174,1.73418,2073.66,2063.59,2059.35,0.296535,168.614,400
0,0,1,1496,2533.95,0.149297,0.000680963,0.000419975,0.000402074,0.195545,0.000387478,-0.111174,1.73921,2027.49,2044.92,2052.27,0.296535,168.614,400
0,0,1,1496,2533.95,0.149297,0.000680963,0.000419975,0.000402074,0.195545,0.000387478,-0.111174,1.74418,2039.33,2054.6,2061.04,0.296535,168.614,400
0,0,1,1496,2533.95,0.149297,0.000680963,0.000419975,0.000402074,0.195545,0.000387478,-0.111174,1.74921,2088.13,2060.87,2049.38,0.296535,168.614,400
0,0,1,1496,2533.95,0.149297,0.000680963,0.000419975,0.000402074,0.195545,0.000387478,-0.111174,1.75418,2029.45,2048.98,2057.21,0.296535,168.614,400
0,0,1,1496,2533.95,0.149297,0.000680963,0.000419975,0.000402074,0.195545,0.000387478,-0.111174,1.75918,2073.66,2067.44,2064.81,0.296535,168.614,400
0,0,1,1496,2533.95,0.149297,0.000680963,0.000419975,0.000402074,0.195545,0.000387478,-0.111174,1.76418,2031.42,2047.73,2054.6,0.296535,168.614,400
0,0,1,1496,2533.95,0.149297,0.000680963,0.000419975,0.000402074,0.195545,0.000387478,-0.111174,1.76918,2037.35,2052.09,2058.3,0.296535,168.614,400
0,0,1,1496,2533.95,0.149297,0.000680963,0.000419975,0.000402074,0.195545,0.000387478,-0.111174,1.77418,2075.71,2065.55,2061.27,0.296535,168.614,400
0,0,1,1496,2533.95,0.149297,0.000680963,0.000419975,0.000402074,0.195545,0.000387478,-0.111174,1.77918,2039.33,2047.82,2051.4,0.296535,168.614,400
0,0,1,1496,2533.95,0.149297,0.000680963,0.000419975,0.000402074,0.195545,0.000387478,-0.111174,1.78421,2037.35,2054.24,2061.35,0.296535,168.614,400
0,0,1,1496,2533.95,0.149297,0.000680963,0.000419975,0.000402074,0.195545,0.000387478,-0.111174,1.7892,2069.56,2062.95,2060.17,0.296535,168.614,400
0,0,1,1496,2533.95,0.149297,0.000680963,0.000419975,0.000402074,0.195545,0.000387478,-0.111174,1.79422,2025.53,2046.66,2055.57,0.296535,168.614,400
0,0,1,1496,2533.95,0.149297,0.000680963,0.000419975,0.000402074,0.195545,0.000387478,-0.111174,1.79918,2033.39,2055.45,2064.75,0.296535,168.614,400
0,0,1,1496,2533.95,0.149297,0.000680963,0.000419975,0.000402074,0.195545,0.000387478,-0.111174,1.80418,2027.49,2043.53,2050.29,0.296535,168.614,400
0,0,1,1496,2533.95,0.149297,0.000680963,0.000419975,0.000402074,0.195545,0.000387478,-0.111174,1.80918,2033.39,2050.97,2058.38,0.296535,168.614,400
0,0,1,1496,2533.95,0.149297,0.000680963,0.000419975,0.000402074,0.195545,0.000387478,-0.111174,1.81418,2073.66,2061.39,2056.22,0.296535,168.614,400
0,0,1,1496,2533.95,0.149297,0.000680963,0.000419975,0.000402074,0.195545,0.000387478,-0.111174,1.81918,2027.49,2042.14,2048.32,0.296535,168.614,400
0,0,1,1496,2533.95,0.149297,0.000680963,0.000419975,0.000402074,0.195545,0.000387478,-0.111174,1.82421,2025.53,2048.29,2057.89,0.296535,168.614,400
0,0,1,1496,2533.95,0.149297,0.000680963,0.000419975,0.000402074,0.195545,0.000387478,-0.111174,1.82918,2053.33,2055.82,2056.87,0.296535,168.614,400
0,0,1,1496,2533.95,0.149297,0.000680963,0.000419975,0.000402074,0.195545,0.000387478,-0.111174,1.83422,2023.57,2045.6,2054.89,0.296535,168.614,400
0,0,1,1496,2533.95,0.149297,0.000680963,0.000419975,0.000402074,0.195545,0.000387478,-0.111174,1.83918,2029.45,2051.93,2061.4,0.296535,168.614,400
0,0,1,1496,2533.95,0.149297,0.000680963,0.000419975,0.000402074,0.195545,0.000387478,-0.111174,1.84418,2025.53,2041.86,2048.75,0.296535,168.614,400
0,0,1,1496,2533.95,0.149297,0.000680963,0.000419975,0.000402074,0.195545,0.000387478,-0.111174,1.8492,2031.42,2048.76,2056.07,0.296535,168.614,400
0,0,1,1496,2533.95,0.149297,0.000680963,0.000419975,0.000402074,0.195545,0.000387478,-0.111174,1.85418,2077.77,2058.91,2050.96,0.296535,168.614,400
0,0,1,1496,2533.95,0.149297,0.000680963,0.000419975,0.000402074,0.195545,0.000387478,-0.111174,1.85918,2025.53,2041.29,2047.94,0.296535,168.614,400
0,0,1,1496,2533.95,0.149297,0.000680963,0.000419975,0.000402074,0.195545,0.000387478,-0.111174,1.86421,2029.45,2048.99,2057.22,0.296535,168.614,400
0,0,1,1496,2533.95,0.149297,0.000680963,0.000419975,0.000402074,0.195545,0.000387478,-0.111174,1.86918,2061.41,2057.94,2056.47,0.296535,168.614,400
0,0,1,1496,2533.95,0.149297,0.000680963,0.000419975,0.000402074,0.195545,0.000387478,-0.111174,1.87422,2023.57,2045.35,2054.54,0.296535,168.614,400
0,0,1,1496,2533.95,0.149297,0.000680963,0.000419975,0.000402074,0.195545,0.000387478,-0.111174,1.87918,2029.45,2054.33,2064.81,0.296535,168.614,400
0,0,1,1496,2533.95,0.149297,0.000680963,0.000419975,0.000402074,0.195545,0.000387478,-0.111174,1.88418,2023.57,2041.02,2048.38,0.296535,168.614,400
0,0,1,1496,2533.95,0.149297,0.000680963,0.000419975,0.000402074,0.195545,0.000387478,-0.111174,1.88918,2035.37,2050.49,2056.87,0.296535,168.614,400
0,0,1,1496,2533.95,0.149297,0.000680963,0.000419975,0.000402074,0.195545,0.000387478,-0.111174,1.89418,2075.71,2057.82,2050.28,0.296535,168.614,400
0,0,1,1496,2533.95,0.149297,0.000680963,0.000419975,0.000402074,0.195545,0.000387478,-0.111174,1.89918,2027.49,2043.39,2050.09,0.296535,168.614,400
0,0,1,1496,2533.95,0.149297,0.000680963,0.000419975,0.000402074,0.195545,0.000387478,-0.111174,1.9042,2033.39,2053.59,2062.11,0.296535,168.614,400
0,0,1,1496,2533.95,0.149297,0.000680963,0.000419975,0.000402074,0.195545,0.000387478,-0.111174,1.90918,2073.66,2063.74,2059.55,0.296535,168.614,400
0,0,1,1496,2533.95,0.149297,0.000680963,0.000419975,0.000402074,0.195545,0.000387478,-0.111174,1.91421,2077.77,2057.97,2049.62,0.296535,168.614,400
0,0,1,1496,2533.95,0.149297,0.000680963,0.000419975,0.000402074,0.195545,0.000387478,-0.111174,1.91918,2037.35,2060.78,2070.66,0.296535,168.614,400
0,0,1,1496,2533.95,0.149297,0.000680963,0.000419975,0.000402074,0.195545,0.000387478,-0.111174,1.92418,2019.67,2046.28,2057.5,0.296535,168.614,400
0,0,1,1496,2533.95,0.149297,0.000680963,0.000419975,0.000402074,0.195545,0.000387478,-0.111174,1.92918,2041.32,2059.71,2067.46,0.296535,168.614,400
0,0,1,1496,2533.95,0.149297,0.000680963,0.000419975,0.000402074,0.195545,0.000387478,-0.111174,1.93418,2077.77,2068.78,2064.99,0.296535,168.614,400
0,0,1,1496,2533.95,0.149297,0.000680963,0.000419975,0.000402074,0.195545,0.000387478,-0.111174,1.93918,2035.37,2051.68,2058.55,0.296535,168.614,400
0,0,1,1496,2533.95,0.149297,0.000680963,0.000419975,0.000402074,0.195545,0.000387478,-0.111174,1.94418,2045.31,2061.91,2068.91,0.296535,168.614,400
0,0,1,1496,2533.95,0.149297,0.000680963,0.000419975,0.000402074,0.195545,0.000387478,-0.111174,1.94918,2104.92,2077.64,2066.14,0.296535,168.614,400
0,0,1,1496,2533.95,0.149297,0.000680963,0.000419975,0.000402074,0.195545,0.000387478,-0.111174,1.95418,2043.31,2056.08,2061.46,0.296535,168.614,400
0,0,1,1496,2533.95,0.149297,0.000680963,0.000419975,0.000402074,0.195545,0.000387478,-0.111174,1.95922,2047.31,2064.48,2071.72,0.296535,168.614,400
0,0,1,1496,2533.95,0.149297,0.000680963,0.000419975,0.000402074,0.195545,0.000387478,-0.111174,1.96418,2069.56,2071.14,2071.8,0.296535,168.614,400
0,0,1,1496,2533.95,0.149297,0.000680963,0.000419975,0.000402074,0.195545,0.000387478,-0.111174,1.96922,2086.05,2065.92,2057.44,0.296535,168.614,400
0,0,1,1496,2533.95,0.149297,0.000680963,0.000419975,0.000402074,0.195545,0.000387478,-0.111174,1.97418,2021.62,2046.84,2057.47,0.296535,168.614,400
0,0,1,1496,2533.95,0.149297,0.000680963,0.000419975,0.000402074,0.195545,0.000387478,-0.111174,1.97918,2081.9,2074.41,2071.26,0.296535,168.614,400
0,0,1,1496,2533.95,0.149297,0.000680963,0.000419975,0.000402074,0.195545,0.000387478,-0.111174,1.98418,2039.33,2059.26,2067.67,0.296535,168.614,400
0,0,1,1496,2533.95,0.149297,0.000680963,0.000419975,0.000402074,0.195545,0.000387478,-0.111174,1.98918,2047.31,2065.81,2073.61,0.296535,168.614,400
0,0,1,1496,2533.95,0.149297,0.000680963,0.000419975,0.000402074,0.195545,0.000387478,-0.111174,1.9942,2081.9,2075.96,2073.46,0.296535,168.614,400